Name,Date of birth,Married,Phone,Salary
Sonny Anthona,7/14/2002,false,196-467-9684,$93537.56
Jaymie Camelin,7/26/1985,false,448-283-4024,$111134.31
Nickolas Monahan,10/3/1983,false,339-697-7972,$11778.94
Lianna Ferber,7/9/1999,false,191-960-8377,$115326.14
Stoddard Senett,7/24/2000,true,150-901-0793,$78469.29
Randa Gavan,6/19/1983,true,854-251-7382,$71061.12
Eugenius Hirschmann,9/16/1989,false,706-109-4673,$8693.20
Dyna Callinan,7/18/1994,true,779-950-8386,$16316.13
Ripley Domerque,8/19/2005,false,780-988-0416,$71207.66
Shane Kingsnoad,10/1/1981,false,668-846-7345,$55867.45
Zach Criag,3/14/1985,true,308-418-5913,$48000.87
Quinta Klaffs,11/28/1987,false,892-391-4186,$60700.59
Alfonso Lawtie,11/19/1980,false,440-211-9937,$29046.91
Vasili Buddell,6/1/1988,true,727-520-8510,$53288.63
Kaleb Benbough,2/24/1989,false,743-737-5715,$103734.32
Murial Rigby,11/15/1984,true,227-470-6408,$43809.13
Isak O' Finan,10/9/1982,true,747-106-7885,$94255.57
Natalya Dunning,7/4/1995,false,671-693-3832,$52697.37
Augustine Jonczyk,10/21/2000,true,896-519-1881,$95446.03
Giselbert Lydall,1/3/2000,true,731-159-3563,$13793.27
Humfried Inold,1/11/1985,true,142-683-5494,$7484.75
Blair Buller,10/5/1998,false,906-703-6644,$23534.71
Archibold Prickett,11/22/1984,false,326-407-2987,$83496.12
Tammara Worshall,2/8/1988,false,532-196-6711,$108519.33
Cris Waghorne,7/5/2005,false,261-349-5902,$48207.56
Rina Pickthorn,10/7/1985,true,332-345-4433,$104306.60
Daria Fossitt,10/28/2001,false,824-817-5342,$42841.01
Mallissa Rawcliffe,9/26/1996,true,899-563-9630,$48970.13
Hector Pietrowski,12/7/2000,false,984-691-9062,$84961.76
Roana Spuffard,10/31/2004,true,364-932-6487,$72204.82
Emlen Kembley,8/16/1994,true,549-193-8710,$53871.49
Ramsay McLucky,6/21/1993,false,151-278-2441,$7390.88
Ilaire McGucken,9/9/1994,false,769-437-7818,$119664.96
Egan Kenward,1/8/1986,true,265-836-0426,$65896.87
Kendre Rosetti,7/23/1990,false,253-622-5220,$76337.55
Koral Muffett,2/12/1998,true,789-675-6132,$45746.55
Bunnie Torbard,3/11/1981,false,958-392-7872,$49708.59
Roseann Airy,2/13/1998,true,639-114-2423,$64130.17
Kimball Pinilla,7/24/1988,false,684-189-8118,$108230.18
Pacorro Sally,1/15/1988,false,331-695-2351,$68919.57
Sonnnie Doumic,1/13/1997,true,481-872-0217,$48581.11
Demetris Aphale,1/28/1998,true,998-625-5500,$96754.09
Symon Renshall,11/9/1992,false,581-295-3613,$22466.74
Roxana Marchello,7/22/1991,true,423-648-7378,$93170.84
Nada Sidaway,8/13/2005,false,356-719-1049,$5512.48
Basile Arthur,1/27/1997,false,186-554-2971,$8944.09
Virgie Gadd,9/2/1985,true,866-677-1807,$93086.63
Gertrudis Godbolt,6/22/2005,false,512-386-6486,$29802.44
Ricki Ourry,2/27/1990,false,717-102-1856,$77983.25
Bancroft Gudgeon,8/28/1996,false,292-238-6647,$4848.98
Neil Perch,5/28/1984,false,386-329-1651,$108824.82
Leila Eason,8/17/1981,true,550-671-2182,$116963.12
Velvet Cressy,6/13/2001,true,812-844-4311,$103918.42
Aurie Hogbin,10/19/1989,true,535-935-5383,$96534.21
Lewie Motherwell,1/25/1999,false,668-905-4512,$113760.29
Vyky Whitesel,11/1/2000,false,183-151-1342,$31799.05
Katrinka Hurll,4/15/1999,true,324-701-5391,$66916.82
Colline Bointon,4/6/1985,true,900-224-5537,$12683.44
Codee Drillot,7/18/1988,true,589-877-8010,$43643.92
Artair McDyer,2/16/1987,false,299-296-6033,$118194.07
Heriberto Cassella,3/1/2003,false,114-705-3718,$32708.20
Gerrie Bulmer,9/1/2002,false,517-335-1623,$113655.59
Joseph Besantie,9/4/1996,false,778-510-5208,$45724.39
Brandon Tetther,4/18/1986,false,424-941-4663,$105161.02
Griff Tofpik,7/4/1990,false,558-916-1521,$21668.18
Dodie Cordie,11/25/2004,true,854-600-7346,$76284.09
Amelina Vannar,5/5/1982,true,381-165-0018,$115943.95
Sonia Lyston,3/31/1995,false,218-656-4639,$113149.03
Doris Waggitt,10/6/1994,false,617-367-6731,$112644.22
Stillman Pogson,7/24/1980,false,252-537-9623,$6990.75
Retha Beton,1/20/2002,false,167-208-4615,$54091.30
Dorise Dumphries,5/5/1998,true,135-816-8542,$16150.70
Lani Pigdon,8/22/2004,false,616-668-2853,$23058.92
Ronald Plane,3/9/1992,true,818-451-2999,$51447.43
Jeanne Odde,6/21/1996,false,964-791-4042,$86585.07
Trever Shelmardine,12/27/1984,false,455-648-3562,$107974.72
Hebert Whellans,5/18/2001,false,882-613-6103,$14396.92
Pacorro Winks,5/18/2003,false,493-305-3697,$110842.93
Naomi Coggell,10/31/1988,true,140-175-8779,$103265.61
Reggis Blackader,2/18/1989,true,294-644-7945,$68049.09
Jasun Fowell,5/3/1998,false,945-123-0907,$99553.20
Gordy Malley,5/7/1998,true,319-773-1664,$28558.34
Nichole Pitman,7/28/1987,true,815-409-3531,$96028.68
Gunner Malloy,5/11/2005,true,767-534-8762,$44930.45
Lani Cullip,1/31/1987,true,962-786-4308,$42357.41
Job Kesten,7/16/2003,false,184-569-5526,$23208.88
Trude McCahill,3/27/1987,true,886-909-5368,$37376.72
Tobin Pepon,4/16/1994,false,540-766-9116,$91692.04
Donavon Wreford,8/23/1980,true,268-948-4006,$40679.93
Iain Clapson,5/15/1997,true,824-713-6554,$26519.88
Robby Bullier,7/4/1988,true,991-833-4227,$61571.85
Paul Antonik,10/7/2002,true,555-673-4905,$54468.52
Skyler Stonhewer,7/15/2002,false,799-155-3991,$38375.24
Dedie Chenery,9/25/1992,false,355-796-9836,$68360.79
Lorin Romaine,11/24/1987,true,546-520-5483,$10954.74
Bren Sawkins,10/13/1993,true,973-446-5338,$15782.94
Spencer Jeary,4/18/2004,false,846-566-3772,$25934.58
Deina Larratt,4/23/1999,true,511-339-1273,$1862.43
Walt Guilleton,4/8/1988,false,435-528-4860,$110812.99
Lauren Nazer,11/14/2003,true,558-765-8005,$41834.67
Sybilla Fusco,2/25/1987,false,774-394-5359,$8658.82
Che Chapier,8/17/1987,true,172-927-8723,$22374.54
De Tuxsell,5/24/1980,true,559-989-7106,$13344.99
Nesta Lightoller,2/16/2003,false,176-810-4283,$76398.76
Sissy Sapauton,7/27/1984,false,787-584-5812,$11980.94
Charmion Walworth,6/1/1986,true,504-399-6748,$42003.39
Laurie Duncklee,6/28/2002,false,477-963-6527,$34259.67
Daffi Cole,10/31/1984,false,479-590-6230,$105100.56
Rosanne Blazy,10/11/1994,true,822-548-3534,$112172.95
Ella Millmoe,1/12/1992,true,337-257-4144,$86241.66
Rhianna Boxen,1/19/2003,false,634-402-1800,$64291.72
Cyrill Stealy,6/3/1995,false,853-806-1213,$10779.91
Cull Jehu,11/11/1988,false,452-814-2024,$33659.59
Tara McGlynn,7/22/1997,false,318-903-7531,$47085.23
Tito Heliet,6/27/1984,true,325-658-9435,$56553.67
Doyle Bastie,7/8/1987,true,445-188-7724,$21746.42
Viviyan McMoyer,1/3/1999,true,576-900-6922,$111384.64
Rustie Elstone,10/5/1996,true,671-391-3472,$95921.16
Roarke Mulliner,9/30/1993,true,453-670-4889,$15591.83
Tracy Marrian,10/14/1982,false,303-208-0381,$28574.20
Lloyd Folger,10/20/1980,false,554-708-1142,$1880.92
Christa Cherry,4/6/1991,true,695-187-6886,$62733.43
Tera Cassin,1/7/1985,true,768-904-6007,$95606.01
Ellyn Lawrenz,11/16/1999,true,107-728-5695,$85653.34
Addia Pedrol,11/12/1990,false,998-590-7330,$16821.21
Jeralee MacDonagh,1/20/1993,true,713-154-1052,$46322.78
Clem Kiwitz,6/24/1999,true,864-829-9396,$39228.14
Tabbatha Parkins,1/30/1997,true,482-652-5772,$36288.87
Netti Balogh,11/9/1984,false,734-678-4510,$5993.96
Bibi Rivard,8/1/2000,true,963-203-5373,$79924.77
Bendix Wass,9/12/1988,true,120-752-9571,$63179.04
Judy Yates,1/8/1988,false,555-839-2650,$80291.09
Bobine Lampbrecht,6/3/2002,false,956-396-7682,$47158.59
Harmony Reisen,3/16/1984,false,244-407-6492,$107379.87
Teri Endrici,6/11/1990,true,559-171-0465,$19281.95
Whit Ellicombe,12/19/1981,true,916-875-7622,$63769.78
Lincoln Rehme,1/31/1995,true,846-405-7587,$27020.85
Con Catmull,3/4/1988,true,412-978-2478,$16932.23
Osborne Antliff,11/14/1984,false,961-149-1153,$75084.31
Alvira Sides,3/11/1991,false,329-943-4080,$83646.22
Rosalind Colpus,2/4/1990,true,682-982-0431,$105647.90
Frannie Chelley,10/18/1982,true,874-945-8338,$54215.63
Whitney Halls,12/24/1999,false,889-780-7617,$390.17
Levon Witz,5/28/1981,false,602-800-7508,$107167.69
Sandie Caseri,12/31/1999,true,581-971-2741,$14989.56
Elinore McAvey,7/7/1998,true,512-358-1446,$107091.94
Ferdinande Longfield,1/10/1988,true,388-721-9994,$77667.26
Reece Vanichev,3/5/2004,false,112-279-9120,$56409.43
Sancho Normaville,7/18/1981,false,981-352-4181,$41667.25
Dewie Ayce,12/25/2000,true,830-501-0892,$88221.72
Odey Boik,2/21/2005,false,470-146-8538,$59527.66
Alfonse Bellanger,4/26/1994,false,883-881-0028,$77909.01
Constantia Donohoe,9/19/1987,false,784-294-5923,$53157.71
Ruy Vogel,11/11/2004,false,866-192-9014,$25552.36
Corella Peyto,5/30/1991,false,864-440-8884,$43556.64
Sibilla Milward,11/21/1990,false,784-184-9858,$74088.97
Antin Croston,10/7/1986,true,480-516-6852,$49710.02
Tyne Kenderdine,1/4/1981,true,250-962-8165,$13196.89
Constantina Breed,11/12/1985,true,123-903-8444,$30339.72
Sabra Hugenin,2/24/2005,true,203-885-6930,$5193.70
Sonni Hellard,9/25/1992,true,378-342-0358,$48580.06
Millard Borel,10/30/1993,false,548-345-0124,$70060.64
Bald McGray,1/2/2000,false,473-562-6480,$42099.32
Ado Domek,2/9/1996,false,673-907-6224,$87876.81
Caz Gasson,10/5/1988,true,202-335-8421,$11172.59
Faulkner Langtree,3/30/2002,true,729-353-6899,$101377.13
Bibbie Covet,6/18/1983,false,881-809-6604,$75573.25
Cloris Schout,9/12/2004,false,443-723-0357,$79507.75
Marya Teather,9/8/1988,true,348-260-6002,$35855.08
Briano Turbill,8/22/1994,true,677-876-8430,$33417.82
Ira Kellog,5/30/1986,false,881-695-2909,$45275.16
Lonnie Tordoff,9/27/2005,true,990-253-8259,$46941.12
Tedie O'Lynn,7/24/1995,true,251-617-9847,$106742.59
Chev Willerson,5/26/1999,false,358-609-8906,$96945.81
Zuzana Dearle-Palser,2/2/2001,true,106-676-8906,$112139.75
Adelice Dahle,3/17/1998,false,996-509-0242,$31235.43
Garland Corn,3/19/1986,true,853-394-0949,$25393.65
Connor Wrightson,1/21/1982,false,526-912-8778,$97564.42
Gayleen Burkin,4/30/1981,false,330-713-6818,$42670.50
Brok Dawtry,3/16/2002,true,196-299-5283,$87487.09
Enriqueta McElane,9/11/2000,false,670-140-2135,$61464.35
Richardo Castenda,1/23/1993,false,212-745-1417,$72623.63
Parry Simek,3/15/1980,true,706-958-6601,$68969.63
Ebba MacDiarmid,11/2/1995,true,204-771-3605,$59567.40
Malynda Sisneros,2/17/1998,true,160-809-2596,$22016.31
Vito Maneylaws,5/7/1999,false,610-312-2739,$66485.65
Regan Yurikov,4/19/1997,true,734-761-3465,$118202.18
Howard Howey,7/5/2002,false,175-989-1475,$11920.71
Joni Pettifor,11/4/1996,true,182-360-0345,$7998.39
Rhett Pritty,4/1/1994,true,152-175-4507,$102538.26
Denise Flower,8/17/1984,true,800-778-0511,$20824.46
Ramsey Elstow,9/20/1988,false,699-181-8284,$82804.85
Monte Holdworth,3/30/2005,true,270-473-8579,$7846.62
Jameson Borrett,2/19/1997,true,217-818-1483,$76969.38
Dinah Biddle,10/21/1985,true,750-459-7865,$43346.38
Sam Groven,3/6/2003,false,427-270-5085,$51566.32
Aurlie Curlis,9/12/2002,false,303-155-1800,$5534.19
Reagen Neely,11/14/1988,true,365-234-1590,$92490.39
Luci Jaqueminet,10/5/1981,true,576-579-2203,$112486.16
Aloise McGuiness,10/15/1992,false,563-617-5223,$33794.83
Meghan Warlaw,10/12/2002,true,793-154-5434,$21668.74
Kissie Usher,4/13/1998,true,750-612-1395,$16451.01
Rena Egre,4/10/1996,false,465-323-5186,$11041.86
Chet Wilkenson,6/21/1980,false,163-868-8967,$77070.64
Derry Cinnamond,3/24/1999,false,534-339-9676,$30961.60
Kele Thinn,4/23/1995,false,208-466-2201,$31371.91
Dena Boughen,11/4/1988,true,819-379-3657,$32956.40
Beatrisa Bart,7/26/2001,true,662-954-9568,$62465.65
Hailey Wilkie,3/4/1996,false,846-105-0865,$85819.76
Roddie Cheel,7/13/1991,false,856-318-5392,$39192.79
Frederique Sharples,2/12/2003,false,151-241-6342,$32731.41
Jacqueline Kilgallon,7/28/2002,false,180-383-4722,$107094.99
Derwin Baines,10/29/1985,false,423-165-0411,$24311.66
Tarrah Steed,1/29/1988,false,420-814-7338,$27240.34
Kelsey Whimpenny,5/14/1980,false,202-947-8719,$45079.87
Renaud Boucher,12/7/1997,true,803-975-4631,$85348.32
Finlay Tabard,2/10/1985,false,405-502-3713,$27586.09
Anselm McConigal,4/4/1994,false,698-503-1946,$116861.94
Kev Alibone,4/8/1982,false,103-313-0817,$85306.82
Glenna Proppers,12/6/2005,true,795-232-0224,$38187.32
Janet Gon,8/23/1984,false,862-965-9552,$52444.93
Emmalyn Siccombe,9/21/1997,true,183-924-4691,$64583.46
Casey Brozek,11/11/1993,true,912-167-0765,$109411.12
Teodoro Whittick,7/7/1980,true,382-109-5261,$58295.09
Clementina Tanfield,10/22/1996,true,738-678-8385,$87823.98
Roseline Ivashintsov,10/6/1987,false,854-620-5697,$97765.60
Georgeanne Milier,10/15/1987,false,621-757-3402,$17331.15
Ambrosio Bakhrushin,3/19/1982,true,317-340-0711,$41786.06
Kania Wackly,2/22/1996,false,588-196-5270,$82297.67
Michal Siggens,9/4/1992,false,125-957-1756,$85268.17
Parsifal Brunning,6/21/2005,false,888-401-0820,$8217.91
Anna Letrange,12/8/1988,true,573-621-3906,$52576.58
Walther Raunds,5/7/1994,false,411-413-1379,$81790.41
Kennan Hannaford,7/28/1991,false,551-955-4698,$76877.42
Kevon Sinott,11/9/2002,true,601-197-4544,$44082.17
Yancy Dzeniskevich,6/24/1986,true,725-653-3973,$4527.59
Byrle Karczinski,1/10/1986,false,206-104-3700,$30111.54
Cathryn Brann,12/19/1986,true,773-803-9019,$38911.65
Eldin Leverson,2/15/2003,true,971-525-1205,$117253.73
Antoine MacNeilage,1/3/1990,false,730-224-4686,$35370.08
Cheryl Nickoles,12/4/1991,true,770-716-6044,$111221.02
Abramo Lilywhite,1/12/1987,true,322-800-7320,$2009.29
Giacinta McGrouther,10/12/1992,false,775-855-6528,$105920.58
Camile Allchorn,5/8/1991,true,914-267-8889,$31783.72
Paulette Jerrim,5/23/1981,true,915-298-4027,$11240.47
Sib Venton,5/10/1991,true,489-185-5189,$86468.95
Georgena Clementi,1/25/2005,true,561-720-3672,$64296.60
Celestyn Goldes,3/4/1996,false,629-849-0184,$87129.63
Brandie Timmes,4/1/2004,false,681-702-4419,$59235.13
Brena Alekhov,5/16/1991,true,640-418-7596,$87549.16
Bettine Preble,6/27/1984,false,665-983-5278,$55771.29
Xenia Lawty,2/25/2002,true,851-526-7791,$69078.39
Nicholle Moyse,5/3/1984,true,978-158-5763,$32405.41
Carlo Oliveti,2/10/1985,true,217-905-7490,$86962.68
Artie Jarley,3/14/1994,false,307-537-2073,$62638.00
Jan Glanz,12/6/1989,false,600-667-3332,$101579.27
Arlinda Bilsford,2/6/1993,false,312-712-8631,$70855.70
Zaccaria Gannicott,10/19/1985,true,973-134-5037,$70962.42
Laird Deason,4/25/1991,true,352-420-3269,$93799.47
Maude Jon,12/25/1999,false,539-777-1463,$41922.14
Cristi Ginity,9/18/1998,false,667-346-9694,$53205.10
Deanne Beardshall,1/5/1995,false,848-800-9101,$9595.96
Rudie Workes,12/16/1995,true,521-162-4641,$113256.53
Schuyler Bondesen,4/4/1993,true,598-621-3144,$60725.56
Bernardo Vallentin,6/22/1993,true,655-147-3509,$98626.42
Inger Prendeguest,6/29/2004,true,429-500-6433,$5686.81
Fee Blair,12/13/1987,false,873-856-1871,$7353.40
Andrej Chawkley,2/3/1980,true,572-341-4398,$87735.23
Lyman Capstick,3/2/1998,false,239-581-3152,$41213.62
Muffin Whaymand,8/11/1984,true,895-911-6630,$2861.86
Adelaide Figura,8/19/1990,false,393-774-4232,$89054.67
Hadlee Ogglebie,1/14/1985,false,147-306-9453,$89393.22
Anita Tourville,6/7/1988,true,515-806-1079,$115536.67
Hyacinth Danslow,11/21/1995,true,228-586-9946,$12697.15
Freeman Parrish,5/7/1982,true,300-406-8452,$8419.60
Leanor Tassel,5/8/2002,true,129-124-0515,$116256.07
Ruprecht Pennick,12/9/1980,false,212-798-9559,$756.85
Rhody Stollsteiner,7/16/1983,false,241-463-5633,$38193.37
Kaila Vondrach,10/23/1992,true,830-608-3821,$97520.59
Scottie Storrar,4/28/2005,true,172-437-5607,$21476.70
Sully Staite,6/16/1981,true,162-738-6347,$69972.76
Candice Treffrey,12/17/1985,true,565-986-1789,$56004.09
Farand Kliment,8/12/1983,true,874-231-9651,$83367.21
Junette Polk,1/27/1999,true,301-218-3951,$73929.56
Burke Blamey,11/5/2000,false,187-565-8992,$36241.82
Noelani Plaschke,7/6/1994,true,945-460-2044,$31874.30
Paul Sauven,4/2/1991,false,688-830-5943,$30312.24
Maryjane Tattershaw,1/7/1996,false,622-768-4911,$49235.79
Mureil Storah,7/21/1982,false,278-919-7309,$59025.03
Leoine Dows,11/8/2003,true,448-859-9424,$4452.61
Brewster Pardon,7/9/1995,false,811-806-7133,$2248.57
Clemente Wapplington,4/11/1989,false,213-180-0888,$70628.41
Mickey Marriner,6/21/1983,true,919-840-5278,$115994.88
Harli McAuslene,2/12/1983,false,219-231-0445,$93481.48
Shae Alps,6/2/1984,true,155-800-6056,$68372.52
Genny Guilder,9/9/1987,false,359-162-5609,$71236.06
Payton Cahalan,8/31/1989,false,524-203-6959,$46507.71
Amargo Aimable,2/2/1998,false,641-782-4367,$94125.61
Jourdain Tumioto,10/3/1984,true,854-529-7415,$27535.75
Georgia O'Cleary,8/6/1993,false,515-877-4250,$628.29
Vanessa Lelievre,4/30/1999,false,732-573-8211,$38083.24
Upton Stainson,8/15/1992,false,243-910-7786,$33525.91
Roslyn Rome,10/16/1999,true,207-627-8615,$27844.58
Orton Crew,10/10/1990,true,779-654-6511,$10544.76
Lorettalorna Beastall,8/13/1997,false,529-975-0667,$71077.38
Lela Braddick,7/4/1988,false,718-917-2419,$95919.04
Irena Hixley,7/8/1992,false,196-486-7135,$19346.13
Brunhilda Mitchall,12/9/2003,false,201-461-9731,$88166.81
Gillan Jeynes,10/7/1999,true,129-466-2892,$86599.48
Cinderella Elliston,3/20/2001,false,728-146-6792,$17995.99
Gennifer Staggs,7/7/2004,true,969-113-9876,$65631.99
Karee Creany,1/6/1989,true,400-911-6850,$14659.89
Lonee McGuffog,7/24/2004,false,211-250-9081,$27210.50
Port Rolfs,3/27/1981,false,483-432-2786,$1297.00
Lennard Bartrop,6/14/1984,true,137-946-1708,$45536.59
Karon Riches,1/27/1993,true,854-310-8010,$105527.69
Tynan Abramov,2/10/1984,false,240-194-0259,$67856.83
Lauren Jackling,10/4/1992,false,380-265-2085,$62762.37
Vivianne Ropartz,5/6/1991,false,746-504-2585,$52507.17
Crissie Stanlike,7/15/2004,false,542-320-1196,$81146.96
Mabelle Horick,10/13/1999,true,141-403-9939,$52194.57
Jayne Ibotson,3/5/2005,true,408-437-5454,$53797.23
Siegfried Halladey,5/26/1991,true,372-213-0702,$32238.49
Barde April,12/3/1981,true,643-153-0811,$65301.77
Lynnet Leemans,6/18/1995,false,758-895-2513,$108675.30
Maddy Crilley,6/24/1997,false,311-110-4704,$41527.45
Bucky Coller,9/11/1983,false,250-502-2018,$2448.29
Alethea Emsden,4/18/1982,true,579-466-3822,$62959.54
Bebe Deare,1/24/1992,true,898-904-0424,$111689.81
Benji Dregan,12/26/1997,false,534-469-2869,$71294.03
Francisco Currer,3/4/1992,true,826-380-6816,$43553.95
Holly Dinse,4/7/1992,false,743-641-2221,$1287.18
Nicki Elloy,4/6/1985,true,278-238-9558,$97775.03
Ediva Ropars,4/4/2005,false,413-222-3154,$2975.88
Cece Kubek,1/10/1992,false,628-751-1927,$15371.66
Thelma Ganniclifft,9/10/2003,true,197-893-9207,$53041.90
Hadley Lisimore,3/23/2005,true,480-538-1908,$16742.92
Christoph Braga,7/23/2004,false,802-919-7488,$18928.34
Patrica Malek,8/11/1985,false,357-768-4116,$41489.25
Tobie Castree,1/29/1997,true,681-298-2105,$15637.54
Osmond Paeckmeyer,11/12/2000,true,119-580-3911,$14242.00
Sheri Worcester,3/21/2002,true,270-507-6972,$4641.98
Sadie Chevers,3/2/1995,true,149-925-5371,$25550.27
Kirstyn Guiducci,5/1/1999,true,957-936-4148,$39054.56
Agatha McCumskay,5/28/1984,true,693-657-5281,$99855.13
Kristo Gunningham,12/20/2000,true,968-479-3498,$117556.94
Myca Lound,10/23/1999,false,614-424-2104,$69496.78
Collin Wissby,11/20/2002,true,764-471-0469,$117764.95
Ewan Tustin,12/14/1986,true,695-692-5285,$88482.49
Katharina Hyslop,10/18/1986,false,560-830-9075,$73390.13
Esme Abrahmson,9/18/2003,false,229-286-3623,$30136.60
Candi Mateescu,11/25/1995,false,902-936-9199,$31313.47
Kermy Pedrick,7/14/1997,true,514-953-4349,$62950.93
Alta Rens,6/10/1995,false,290-197-6691,$89817.27
Tillie Donaho,8/7/1995,false,413-856-2904,$66471.91
Marsiella Yewman,10/2/1980,true,972-687-4993,$68245.43
Arluene Bischop,9/9/1983,true,583-164-6764,$105391.79
Jethro Stoffler,3/14/1994,true,767-808-3843,$47946.71
Artemus Morsley,1/19/1981,true,343-428-0149,$94578.36
Aldon Abba,3/27/1983,false,223-170-5582,$85097.92
Isabelita Flower,9/7/1987,true,183-309-6789,$44701.16
Erinn Blakeborough,8/23/2001,true,511-963-2299,$75745.17
Bill Gianullo,3/31/1995,false,761-773-7555,$865.46
Lilyan MacTrustey,11/4/1994,false,237-840-4688,$58303.98
Orelee Margetson,8/20/1996,false,965-949-2399,$27502.86
Annice Bohl,8/14/2003,true,914-395-4400,$81642.23
Matelda Acklands,7/9/1983,true,338-748-5624,$98002.19
Pauletta Jonsson,3/24/1987,true,990-887-5412,$5942.19
Xever Studdeard,1/1/1989,false,345-183-8580,$42128.07
Aron Rustan,12/23/1998,true,203-496-4764,$110626.90
Gloriane Deer,7/2/1991,false,662-242-0842,$97540.70
Rollo Alf,4/30/1997,false,532-102-7554,$99939.83
Barty Vasilchenko,1/9/1999,false,227-746-5871,$19140.43
Karlee Woodsford,12/18/2003,true,823-959-1164,$41128.00
Rochette Hand,7/24/1985,false,973-282-8180,$113142.55
Dominic Ellingsworth,11/28/1989,false,547-260-4483,$500.99
Taite Henworth,2/14/1993,true,419-841-6092,$89417.15
Abby Goundsy,10/20/1990,false,593-291-7738,$62616.76
Daphna Stothard,11/26/1982,true,441-632-3592,$64050.24
Jobey D'Ugo,5/11/1985,true,610-226-3330,$115355.19
Sven Dewitt,5/3/1984,true,276-395-4924,$33777.78
Baryram Izkovicz,10/12/2002,true,499-595-8211,$52150.65
Rafael Beaten,5/4/1980,false,281-555-8956,$10033.63
Sydel Sahnow,10/1/1996,false,297-267-5132,$46346.59
Leona Abdie,5/20/1989,true,488-330-3833,$32379.58
Jenelle Gronav,12/24/2004,false,358-852-1601,$80922.73
Alaster De Lacey,6/15/1999,true,835-122-3175,$52624.61
Malvina Bouchier,9/29/1980,true,558-113-3353,$96295.78
Ludovico Hartshorn,8/7/1995,false,327-829-2958,$25888.12
Ulrike Holbie,5/25/1991,false,415-671-9574,$115455.54
Aprilette Jacques,7/30/1990,false,953-297-3675,$94953.09
Vince Dallin,6/6/2005,false,598-756-2210,$47045.25
Ileane Castellet,11/22/1994,true,585-250-2980,$11626.37
Letty Skally,3/11/1991,true,126-989-5120,$41952.12
Tracee Connow,12/5/1987,false,575-281-9250,$84059.99
Lorrayne Bickerstaff,7/23/1986,true,702-911-9837,$24689.11
Fletcher Americi,5/21/2005,false,314-803-8960,$119598.03
Chadd Allston,9/18/1983,false,531-492-9344,$30971.11
Augustine McColl,7/17/1980,true,203-254-2122,$87818.96
Purcell Brass,5/30/1998,true,367-104-6342,$68747.05
Aldin Pinckard,4/16/1983,false,928-329-5178,$108412.87
Lind McBean,6/11/1989,true,334-838-2699,$28932.25
Blondy Dominec,5/21/1985,true,560-636-0783,$75705.18
Alvis Furniss,11/26/2003,true,388-656-8494,$75846.82
Carmine Vel,2/4/2004,true,965-770-8513,$53703.46
Lars Sansum,9/23/1999,false,390-981-3310,$46499.37
Klaus Celez,4/14/1993,false,587-523-7086,$82893.10
Christean Epilet,9/15/2003,true,325-820-9571,$68176.73
Pepita Wilsee,7/15/1991,false,637-260-8892,$60991.54
Amitie Schorah,6/21/2002,true,257-725-4469,$23604.62
Pansy Nitti,7/18/1984,true,171-320-6622,$15552.62
Burr Issett,4/24/2000,false,409-929-2571,$101745.82
Sylas Millican,5/4/1983,true,297-853-6834,$31524.60
Greggory Heinsius,11/8/1999,true,712-182-8175,$13903.24
Lisha Downing,2/28/1992,false,111-828-7781,$78280.08
Latia Alston,3/7/1993,true,238-804-2251,$67099.08
Gene Getley,9/1/1993,false,925-771-5146,$51916.83
Tanhya Brundill,7/9/1981,false,892-692-4033,$112541.96
Ollie Blencowe,8/19/2003,true,139-840-9697,$86794.62
Roxine Barrie,6/4/1996,true,761-958-0886,$35801.21
Simona Gamlin,6/3/1982,false,955-643-4549,$99070.31
Kimbra Antoni,10/4/1981,true,425-384-2944,$75685.00
Octavia Tern,5/22/2005,false,640-315-4614,$118483.59
Dorothea Curdell,5/25/1982,false,335-260-5196,$28515.98
Reinhold Falcus,7/2/1990,true,817-390-2586,$78809.32
Gilbert Pymar,8/30/1990,true,796-350-6121,$11493.97
Greg Rozzier,4/1/2004,false,268-353-1530,$119882.59
Percival Richardsson,5/5/2004,false,500-326-5140,$44755.73
Tades Crush,4/17/1998,false,123-269-5761,$106421.65
Janelle Ringwood,11/30/1984,false,793-679-6396,$94819.53
Christophorus Abdie,8/22/1984,true,833-811-8664,$52795.57
Hilario Trainor,12/13/1983,true,538-531-1110,$7265.77
Orion Thoday,3/27/1997,false,274-900-0293,$82206.47
Stefan Fist,6/15/2003,true,410-815-6632,$54850.39
Nannie Uppett,3/8/1984,false,131-194-7545,$61388.67
Correna Maitland,7/17/2002,false,714-391-7743,$98109.30
Thomasina Stote,10/29/1992,false,991-564-1329,$113393.81
Delano Stabler,9/17/1985,false,720-142-6176,$83458.91
Philomena Kohler,9/15/1995,true,260-940-3419,$49640.86
Lennie Cutill,9/27/1980,false,420-323-7173,$69788.95
Virgil Latta,1/15/1996,false,693-475-4653,$63163.29
Brandice Birney,1/26/1989,false,548-793-3805,$84713.20
Dewie Bowick,3/23/2005,false,390-453-7992,$73802.41
Steven Litel,2/21/1989,true,229-375-9310,$56420.23
Theresa Briggdale,4/27/1995,false,385-759-1030,$106389.49
Cathy Hilling,2/19/1998,true,856-919-5162,$118956.84
Cassandra Ottawell,2/10/1998,true,141-698-8333,$87659.80
Scottie Wolledge,3/20/1988,true,503-295-5014,$12235.03
Modestia Jacquemot,7/23/1994,false,567-623-1666,$53055.83
Kimmy Kibbey,8/6/1981,false,755-158-0503,$49626.91
Sophia Matyushkin,3/31/1982,true,777-604-4333,$112169.97
Gaston Girod,8/27/2002,true,802-946-5822,$14595.94
Merrili Clemmen,8/8/1999,true,163-370-0399,$24038.58
Adelheid Goggan,12/13/1990,false,393-798-4714,$13833.07
Elisabet Tutchings,10/19/1992,true,684-693-7709,$94457.40
Carissa Netti,8/29/1996,true,987-394-5273,$104490.56
Rosmunda Leavens,5/6/2000,false,814-187-4833,$100600.36
Farica Powter,2/19/1991,false,889-912-0521,$115041.64
Wini Blewitt,11/28/1990,false,474-638-5953,$2873.45
Martainn Vowden,5/28/2000,true,420-695-6937,$16400.06
Dorri Spearman,12/17/2003,false,697-346-0235,$103979.33
Jacquelynn Manolov,1/6/1994,false,575-527-8168,$49444.50
Constantin Doran,2/8/1988,true,700-883-9610,$77213.22
Neal Cane,5/2/1997,false,682-767-1757,$723.63
Hester Boothby,12/30/1983,true,750-751-9780,$119139.08
Jerome Ellwell,8/10/1983,false,566-660-2849,$79827.32
Eustacia Gonnelly,5/18/1983,true,249-449-4297,$118691.60
Bren Shank,11/16/2004,true,520-781-3414,$101461.44
Sibylla Weedall,7/19/1983,true,534-423-7506,$64564.41
Madlen Finneran,3/16/1981,true,131-333-0918,$19014.38
Brendan Whitaker,5/29/1987,true,438-635-6595,$73590.96
Chadd Gavigan,9/1/1981,false,432-928-9385,$12418.30
Correy Dugood,4/5/1983,true,196-325-1007,$40104.58
Gustavo Corry,1/10/1987,false,674-409-1101,$98858.09
Dallis Mapes,2/14/1982,true,100-986-6204,$68499.99
Anet Briar,1/18/1992,true,696-226-4142,$73252.42
Gorden Coultas,8/10/1987,false,349-395-9116,$78563.41
Marlene Scrivin,4/20/1982,false,500-105-4517,$95809.08
Sibylla Avison,6/10/1997,true,876-873-5870,$67815.18
Jeremias Burnitt,12/23/1997,true,301-480-4096,$46766.57
Bryn Callingham,1/28/1995,true,931-579-7246,$26113.78
Gwendolyn Broad,2/20/1983,true,302-267-6188,$26673.92
Harmonia Bowser,12/11/2004,false,395-363-5876,$12939.24
Barth Drake,1/31/1995,false,766-375-7922,$46282.47
Tam Castelyn,11/18/1996,false,663-510-0172,$1827.48
Mal Molyneaux,4/26/1993,false,645-562-6588,$78104.42
Trula Maher,4/12/2002,true,750-638-0352,$42371.05
Tommi Gauvain,3/25/1984,false,877-660-1093,$118537.92
Elihu Francescone,12/18/1992,false,757-346-0957,$26398.12
Ingamar Redolfi,10/14/2002,true,991-604-1759,$96530.06
Amelina Fowler,11/30/1999,false,983-846-1638,$27885.81
Craggie Charleston,12/17/1981,false,319-564-2665,$4584.95
Dora Edensor,7/30/1988,false,102-130-0764,$12857.43
Fleming Jiranek,3/4/1984,true,481-780-9533,$46180.23
Genevra Hatliffe,7/17/1981,true,856-211-2787,$5234.85
Adelina Willbourne,11/25/1993,true,137-437-0289,$68927.05
Conrad Fullilove,5/23/1981,true,268-248-4289,$99286.24
Rob Nabbs,4/21/1981,false,121-724-8899,$97916.38
Fiorenze Collisson,6/23/1993,true,777-284-5985,$5846.84
Darren Jonah,10/30/1991,true,684-822-8431,$112168.09
Mandie Bolino,4/15/1994,false,285-564-1613,$94556.04
Kimball Hawkeridge,5/7/1989,false,882-550-4972,$83853.38
Barbey Brunelleschi,1/16/2006,false,215-594-7142,$41563.53
Jenda Thon,9/29/1986,true,671-514-5409,$21885.99
Teddy Thomann,7/14/1980,true,905-152-7247,$106287.60
Alia Lazenby,3/18/2004,true,888-360-6718,$87869.35
Mahalia Edgin,11/9/1991,false,878-324-9987,$43025.10
Shaylah Scandrite,6/21/2002,false,584-264-3604,$55222.20
Gussie Jankovic,7/20/1992,false,330-792-1621,$74119.59
Ced Korejs,6/9/1987,false,887-692-2606,$34800.02
Jolie Dobby,4/30/2005,true,426-387-1689,$63513.25
Guy Kennerknecht,11/18/1983,false,952-730-2684,$63861.59
Stormy Linney,5/30/1994,true,583-324-4816,$106575.72
Bonnibelle Burnitt,5/9/1982,true,428-665-4642,$53615.66
Serene Crumley,5/1/1989,true,212-927-5409,$19222.68
Corrinne Ricarde,5/23/2000,false,553-424-0734,$39379.10
Issiah Casbourne,12/17/1992,false,977-969-0619,$70331.66
Delcina Cooksley,5/4/2003,true,236-920-2904,$91741.20
Egan Garlicke,4/17/1981,false,579-996-2692,$60510.04
Isidor Balharry,1/24/1985,false,575-754-9055,$12993.12
Gaylene Lorryman,8/11/1989,false,896-674-0223,$13632.40
Gillie Crossby,9/9/2002,true,101-762-1147,$5040.45
Amberly Naseby,12/20/1991,true,866-398-3544,$56543.32
Anet Littlekit,1/4/1982,true,672-771-4818,$55399.99
Liza Michelin,5/22/1984,true,863-516-8411,$99342.28
Rowan Allbrook,7/30/1991,true,431-988-2956,$25901.06
Arman Castleton,12/27/1982,true,101-180-1856,$42707.37
Noble Schimann,1/27/1993,false,195-995-7532,$105385.95
Johny Peel,5/13/1995,true,453-772-4439,$1616.18
Garold Toogood,8/22/2001,true,183-422-8207,$81147.11
Hasty Bittlestone,1/25/2005,false,342-651-2628,$56621.30
Dayna Azema,9/13/2002,false,444-151-7542,$2460.63
Paulie Kundt,3/22/1980,false,380-821-5932,$99336.06
Rube McPhelim,6/17/2001,true,353-662-0479,$41519.63
Flemming Furby,1/13/1994,false,475-914-3259,$62101.74
Emmott de Merida,9/21/2001,true,107-111-8227,$30386.99
Sal Lensch,1/11/1994,true,156-265-5228,$52968.20
Nickola Reedyhough,3/26/2002,true,464-596-8286,$30007.25
Rodolph Pawel,12/16/2004,false,986-469-5939,$88186.05
Freda Kochl,10/15/1990,false,141-398-0922,$54817.42
Tab Pomphrey,3/23/1999,false,264-553-2979,$30304.04
Meryl Petrasch,1/30/1999,true,939-784-8869,$21785.95
Carey McMurthy,1/13/1987,true,423-522-3818,$80416.59
Flin Molloy,9/8/1999,true,372-556-8923,$67255.15
Jakie Goosnell,11/12/1989,false,732-104-8171,$23354.06
Dorri Kalderon,10/4/1981,true,942-851-8405,$86861.85
Marcile Kingcott,5/22/1992,false,162-962-3716,$117411.79
Teresina Averay,11/14/1992,true,949-788-7409,$50170.18
Larry MacAfee,5/15/1996,false,942-468-8139,$875.13
Jannelle Adrain,8/6/2001,true,716-865-2292,$81468.01
Blake Escofier,5/10/2001,true,810-475-0615,$87634.00
Mariam Le Clercq,2/16/1983,false,278-853-2452,$53458.35
Annabelle Tucker,4/30/1984,true,732-635-1147,$78694.99
Marcellus Skillman,5/19/2003,false,789-493-7216,$54300.16
Susanetta Kingswoode,12/19/1995,true,575-851-2956,$22761.70
Gregor Dominick,7/19/2003,true,503-578-2256,$48668.90
Zia Upston,6/18/1990,true,666-375-6930,$87283.87
Karlan Howler,1/30/1996,false,215-338-4185,$37984.62
Nisse Perigoe,5/29/1988,false,513-743-8228,$20551.90
Rorie Coster,4/26/1983,false,560-160-5012,$35554.15
Karissa Escala,2/13/1999,true,432-318-6119,$103258.55
Pamela Corzon,10/10/2000,true,463-976-7672,$78273.06
Craggy Duigan,9/6/2004,true,646-127-1203,$74179.89
Hartley Huchot,8/17/1981,false,697-685-8150,$25997.74
Iago Wallsam,10/4/1995,false,343-299-1576,$79064.45
Kirbie Haquin,8/27/1994,false,460-643-0736,$91365.98
Brocky Sneddon,9/14/1986,true,799-712-2567,$42840.26
Chrystal Von Salzberg,11/22/1990,true,297-314-7722,$48214.97
Lauren Goodsell,9/21/1988,true,814-525-5707,$50618.96
Keeley Gauch,4/13/1996,true,158-670-8989,$69127.88
Scotty Lening,9/2/1995,true,266-267-7868,$17041.53
Tammy Vigors,9/16/1985,false,543-897-6847,$116944.19
Godwin Baddow,4/14/1984,true,303-819-8076,$58052.14
Lynde Gregersen,3/18/1997,false,946-456-0916,$20969.85
Sancho Bull,8/6/1992,false,260-724-0958,$55562.47
Wilt Noden,7/10/1993,true,124-857-1992,$70293.77
Giraud Novik,1/22/1988,true,467-582-4473,$92643.10
Ahmed De Francisci,1/24/1987,false,823-708-3281,$85963.32
Christoper Cornilli,7/9/2002,true,536-215-8657,$78385.32
Alvina Ough,5/29/1982,false,212-718-6684,$58120.21
Reagen Langstone,1/24/2001,true,887-922-2925,$49724.64
Noreen Watling,12/6/1993,true,582-902-6650,$7140.60
Agnes Baldrick,10/6/1989,false,673-621-5971,$85799.97
Reed Brodway,6/2/1988,true,507-868-1591,$88385.80
Augie Thame,9/19/1998,true,358-998-8788,$35961.97
Lance Bollom,1/9/1995,true,497-322-0908,$71011.76
Hilary Beek,6/5/2005,false,138-342-3712,$71900.64
Arron Izakovitz,1/28/1986,true,272-259-4742,$75252.98
Madonna Perell,6/26/2000,false,199-344-6717,$17546.27
Brander Blucher,12/6/1991,true,908-583-2957,$60035.33
Michail McCauley,5/13/1986,false,402-116-4692,$45336.61
Brietta Daouze,4/6/1981,false,528-266-2120,$90045.74
Lauri McCoish,4/12/1983,false,265-142-9858,$74055.76
Janine Pahl,10/16/1987,false,348-529-3795,$6486.38
Cymbre Jamrowicz,3/31/1992,false,387-597-3933,$84831.94
Alexio Ellwood,11/25/1988,false,901-201-0198,$98682.07
Stepha Arman,10/26/1982,true,576-490-8868,$54088.07
Findley Beckley,8/28/2003,true,982-202-3758,$9945.48
Audry Cooley,10/5/2000,true,609-766-7453,$50648.26
Chrissy Wallwork,3/25/1986,false,159-987-6955,$86686.33
Britta McJerrow,1/7/1998,true,310-459-5542,$79667.62
Elle Linck,11/8/1995,true,827-373-8282,$10560.27
Johnny Francais,7/13/1998,false,618-316-1190,$109156.62
Illa O'Driscole,8/6/2004,true,895-976-2311,$65335.33
Alister Zanitti,6/24/1991,false,236-100-3675,$116733.60
Glyn Whall,4/1/1984,true,559-373-0317,$22193.57
Winne Rosle,12/27/1990,false,184-260-3774,$106346.36
Christophe Peeter,12/27/1982,false,874-872-2220,$115734.22
Min Cuphus,5/16/1994,true,267-116-6790,$62838.09
Anderea Stallen,12/31/1989,false,668-762-6162,$48506.25
Parry Cornels,7/24/2000,true,798-224-9565,$640.98
Ruthie Nerney,3/1/2002,true,614-369-4626,$11843.14
Eli Bartolomeazzi,4/24/2003,true,979-268-8727,$24599.67
Erna Drepp,11/30/1998,true,654-930-4327,$3747.97
Yul Kohen,4/8/1989,true,427-266-8073,$109834.61
Minette Curley,1/13/1992,false,225-749-2592,$119215.94
Rosene Huggons,8/28/1996,true,827-174-2006,$67802.21
Danny Lardiner,1/26/1982,false,738-857-2438,$33248.49
Suzanne Gransden,1/27/1993,false,593-654-1145,$47607.87
Devina Merioth,4/17/1995,false,261-333-5644,$52629.55
Henri Costello,2/23/1987,false,999-489-1548,$80174.64
Kermie Binks,11/23/1990,true,708-875-5387,$112279.90
Barbara-anne Brownlie,2/25/2002,true,598-154-9951,$92637.29
Adelle Gallafant,7/21/1980,false,492-352-8103,$92047.43
Hilliary Wenman,11/19/1987,true,687-599-7209,$115227.78
Carolan Footer,5/26/1996,true,905-846-2418,$92946.27
Bennie Spat,12/8/1991,true,731-707-2843,$114477.01
Vincenz Kaysor,6/18/1982,true,428-356-4092,$106085.15
Kessiah Pray,6/4/1989,true,951-816-7083,$116885.99
Tab Bourke,4/22/2001,false,692-610-8921,$26791.09
Carter Worling,3/19/2000,false,571-286-3399,$93867.89
Corie Powling,5/19/1987,false,110-708-0118,$13064.73
Gussy Ciccotti,2/22/1994,true,125-344-7739,$69980.49
Gill O'Grady,3/27/1982,true,202-932-1008,$53945.19
Sarajane Vinau,5/9/1993,true,556-238-2998,$27502.88
Cinda Caddock,5/7/2005,false,383-365-6263,$54498.34
Sayre Brightie,7/25/1988,false,765-325-3422,$96603.41
Gay Astley,6/1/2001,false,510-512-3723,$90956.87
Carmel Kopelman,1/31/1989,false,646-804-4604,$6987.20
Gene Morpeth,1/6/2000,true,530-378-2570,$5604.39
Karl Busby,8/7/1997,true,952-634-6630,$18555.20
Alair Isaac,7/12/2005,true,370-907-2241,$11566.16
Hamilton Irlam,11/8/2002,true,546-239-5145,$7816.15
Lorilee Hunting,10/13/1988,false,625-418-5485,$73700.69
Patsy Pemberton,4/20/1983,true,287-423-4873,$117700.28
Borden Lifton,11/6/1995,false,379-440-8790,$83473.86
Ingemar Leaton,9/3/1994,true,271-142-4651,$12188.80
Hal Redgrove,10/8/1981,false,732-522-0185,$105333.37
Baryram Barff,9/1/1990,true,455-151-9158,$111442.93
Langston Josefsohn,2/23/1994,false,181-204-7513,$60574.75
Karim Binley,1/30/1999,false,352-304-8623,$103195.29
Tab MacPake,2/19/2005,false,815-192-8928,$103116.63
Brittney Jarrel,3/10/1985,true,726-280-3349,$81142.72
Heidi Mossop,2/5/1992,false,414-263-0910,$88023.63
Sara Leahey,8/17/1990,false,813-749-1764,$105867.37
Ida Lavrinov,7/11/1995,true,229-841-0005,$102462.55
Ellen Lilford,9/7/1990,false,448-565-0521,$118593.73
Hieronymus Pilgram,5/19/2005,true,368-132-7371,$53141.26
Scarface Dickerline,8/28/1987,false,735-312-0202,$99889.73
Alaric Hunnicutt,6/3/1998,true,480-588-8005,$3732.46
Courtnay D'Adda,7/30/1982,false,155-487-0881,$25339.40
Torrin Mingame,4/28/2000,false,347-910-8511,$105387.82
Leroi Civitillo,9/28/1982,true,864-248-7203,$2766.70
Fairfax Hugnet,2/28/1989,false,797-734-7113,$55483.29
Rafaelita Fearns,6/5/1984,true,202-847-5042,$18656.05
Janina Fozzard,7/6/1980,false,773-315-1777,$59976.68
Annamarie Tullett,3/9/2002,true,430-560-4520,$117319.11
Mindy Puddicombe,4/14/1981,true,727-175-5500,$64519.18
Bernie Ewert,1/3/1986,true,335-234-1467,$46305.58
Lesya Pitbladdo,9/21/1987,true,266-703-2916,$113106.81
Tresa Lehenmann,10/17/1997,false,692-910-2859,$109823.92
Arlana Gemeau,6/25/1987,false,552-806-1371,$115169.03
Annnora Redwall,1/2/1997,false,334-411-8185,$37422.49
Lisette Martinec,3/10/1981,true,173-864-2224,$92135.93
Sonya Garrioch,10/27/1980,true,186-593-5458,$61266.25
Miller Sacase,7/13/2001,true,580-494-1044,$1126.62
Pamela Rigge,2/25/2004,false,641-426-0613,$77075.66
Jon Izhak,9/25/2004,false,446-563-7365,$106107.37
Yank McGaffey,8/25/1991,true,294-286-6632,$18748.89
Quinlan Beecham,9/29/2001,false,820-421-8441,$5387.66
Stewart Gerhartz,4/24/1980,false,272-399-3571,$49980.23
Millard Naden,6/20/2000,true,280-745-4146,$100385.95
Kenn Staff,2/20/1986,false,270-912-4909,$11621.47
Corty Spalding,1/3/2001,false,714-195-3171,$49305.22
Tammi Welham,6/25/1985,true,790-418-8228,$78623.71
Nara Grunnell,5/30/2002,true,904-772-6244,$117354.12
Gabriel Bulfit,11/7/1995,false,970-148-7420,$103547.57
Myrtia Lidgerton,11/12/1986,false,613-310-5210,$84113.83
Phelia Purchall,7/10/1986,true,934-385-0153,$50567.81
Latrina Sawden,1/24/1985,true,666-844-7969,$118437.93
Ara Fayers,9/8/1997,false,883-861-5250,$110048.98
Davis Feckey,6/23/1980,true,936-793-8986,$70166.08
Bobinette Ricardon,7/20/1996,true,507-925-4124,$94772.06
Alfons Thinn,1/9/1992,true,509-200-5205,$80455.10
Tome Stodhart,5/21/1995,false,919-534-2439,$80141.29
Cyndy Perrelli,10/20/1982,true,358-909-5652,$33778.89
Bjorn Livock,12/31/1988,false,806-718-6512,$79006.05
Royall Towersey,8/28/1993,true,700-392-7613,$99304.07
Noell Trenam,6/16/1994,true,445-319-2335,$11318.85
Robenia Staddart,4/30/1996,false,771-171-7918,$30886.45
Arabella Kalderon,5/23/1987,true,250-854-1793,$27096.41
Salvatore Polfer,3/12/2002,false,120-285-9698,$56904.95
Eudora Regorz,10/26/1980,false,589-334-7261,$64823.38
Oates Fiddiman,7/4/1990,true,204-557-1760,$100025.60
Marshal Willshere,4/8/1981,true,816-678-4772,$85719.99
Jocelyne Moxstead,2/23/2003,false,192-899-9553,$13790.92
Stirling Paige,6/4/2002,false,609-464-2726,$13681.44
Winonah Hoble,10/26/1989,false,395-933-3738,$37696.71
Sascha Swinburne,9/4/2002,false,564-397-5934,$113480.86
Melania Jannequin,12/21/2002,false,192-282-8553,$46165.87
Josefina McMurrugh,10/18/2003,false,560-309-9105,$10408.18
Dory Samwaye,2/19/2001,false,524-907-8742,$8888.32
Rickert Churchyard,10/10/2002,false,328-529-2747,$19576.18
Cristabel Beaulieu,5/28/1984,true,207-933-8318,$58594.78
Raina Iwanczyk,11/5/1996,false,340-213-2570,$77607.31
Brigida Lehon,1/10/1994,false,899-607-6554,$14847.68
Obadiah Trosdall,10/25/2002,false,545-811-0190,$23484.16
Meredith Locock,8/25/2002,true,104-177-8582,$43393.05
Demetrius Bethune,8/28/1985,false,383-251-7771,$18276.65
Harry Bart,12/28/1997,true,270-515-0867,$37397.47
Jeri Major,8/18/1980,true,923-955-6058,$25933.21
Moina Murcutt,10/16/1983,false,852-899-4907,$106012.27
Bank Ballinghall,5/10/1980,false,952-412-7176,$106294.99
Cornell Brunke,2/9/2000,true,929-387-0703,$568.49
Megen Ambrosch,11/19/2001,false,317-538-7943,$36055.94
Everard Zouch,6/26/2001,true,340-152-7249,$46308.76
Lexy Prin,3/13/1983,true,680-654-8875,$102810.56
Farris Rosenblatt,2/22/1988,false,228-718-7359,$40019.37
Fredrika Cheke,10/12/1988,true,360-979-5926,$61184.06
Austen Northill,9/26/1993,false,512-925-7401,$79367.27
Vivyanne Ream,5/1/1982,false,912-998-6467,$117394.87
Nicolas Rieme,12/2/1997,true,749-130-8383,$81186.24
Jud Hallet,11/8/1986,false,512-607-1233,$73489.65
Fields Scutt,5/27/1999,false,508-230-9689,$61626.13
Gabey O'Luney,1/25/1995,false,935-352-8797,$106115.08
Devon Janny,11/4/1991,true,955-535-7935,$86845.96
Bogey Haldane,12/12/2000,true,294-710-4375,$107945.32
Jacqueline Scare,6/24/1996,false,512-858-2636,$98427.33
Augustus Crake,12/6/1988,true,216-836-5471,$37.52
Homer Schiesterl,1/4/1998,true,690-626-1879,$10385.00
Erasmus Wheal,8/28/1991,false,286-185-5372,$18506.02
Kathy Steckings,8/16/1986,true,219-772-3493,$29192.79
Hayward Brear,2/22/1987,false,132-573-5719,$35696.53
Ashlan Kilbourn,11/29/1995,false,466-684-2208,$15956.13
Alley Dincey,3/10/1983,false,967-487-2720,$81285.54
Carolann Broxap,3/29/1993,true,536-871-1455,$50835.25
Lauren Speere,7/7/1981,false,948-665-9056,$9185.20
Vern Pullin,1/14/2004,true,348-443-2069,$6845.91
Crissy Leaburn,8/13/2000,false,492-978-7963,$47338.81
Zacherie Summersett,8/17/1992,true,563-970-2834,$93992.99
Emory Ginn,2/20/1993,true,126-488-8143,$69160.45
Cullan Peyes,1/20/1990,true,405-699-0341,$18545.36
Roy Peasegod,8/6/1989,false,260-567-5283,$34188.18
Caty Walton,2/11/1995,false,517-774-1682,$114074.74
Natale Bartocci,4/3/1984,false,313-828-0756,$14790.42
Hurley Sandison,11/18/1993,false,281-236-9298,$568.52
Isidor Dougliss,11/19/1998,false,871-916-2888,$13703.77
Lynelle Beal,6/6/1985,true,962-140-2404,$103610.72
Robbi Lankford,6/19/2001,true,338-889-3578,$38289.25
Drusy Whilder,10/5/1991,true,536-540-6545,$62485.10
Claudetta Akess,1/2/2004,false,317-949-9830,$8363.10
Thebault Saich,5/29/1980,true,654-507-0538,$90807.16
Edin Croci,12/17/1987,true,186-853-2783,$63164.93
Dulsea Geke,2/9/1999,true,855-595-2522,$2634.33
Marigold Caesmans,3/12/1997,true,233-658-3969,$3539.19
Alisander MacNeillie,5/8/1982,false,561-956-7384,$97459.05
Katya Pulver,5/17/1987,false,589-626-1757,$2415.18
Marco Wilden,1/1/2000,false,948-618-3979,$97855.29
Sileas Brodley,6/11/1995,false,130-440-4883,$90862.70
Lotte Phippin,10/18/1990,true,473-946-8429,$17493.27
Tamiko Camp,9/17/1980,true,688-708-4414,$82200.44
Ignace Hails,6/3/1995,false,814-687-5144,$61857.33
Davine Bishop,10/1/1986,true,145-936-0719,$77383.55
Maurita Bleeze,10/30/1986,true,113-499-5602,$110045.75
Mohandas Goodhay,10/25/1989,true,636-152-6679,$100931.17
Pandora Blundin,2/10/1992,false,259-796-5969,$17444.43
Shandie Vanelli,11/3/1985,true,916-522-2174,$74704.19
Hakeem Alcido,4/9/1991,false,213-497-2158,$46833.26
Sari Longworth,7/15/1983,false,955-956-0693,$17230.50
Ardenia Trapp,11/12/1985,false,318-155-1239,$32076.41
Lianna Pratley,9/20/1990,false,567-493-9439,$35575.04
Keelby Mehmet,6/5/1983,true,381-202-0924,$114516.24
Linnell Konzel,4/22/1980,true,837-533-5419,$115385.57
Alexa Storrar,2/4/1998,true,318-175-1420,$25564.06
Shannon Sprackling,7/8/1980,false,520-635-5708,$43118.20
Analise Randals,6/4/1988,false,318-828-0259,$106112.65
Eada Cogar,11/4/1998,false,961-834-7968,$42605.65
Keen Edgworth,2/28/1981,false,705-163-9439,$71644.38
Fern Congreve,4/25/2001,true,449-104-5471,$73244.09
Ly Eastbrook,5/25/2005,false,567-807-8693,$108065.18
Eula Swett,9/18/1983,true,423-687-0656,$65817.76
Lizzie Howgego,9/15/2003,false,124-617-3733,$4592.95
Marianne Boom,11/5/2000,false,495-354-5346,$15162.48
Lynnet Patrick,10/30/1998,true,736-870-8097,$80952.80
Shelby Goodbody,11/28/1980,false,783-594-8676,$54728.63
Robenia Parnall,2/1/1991,false,721-535-4245,$94210.97
Sarene Windram,11/21/1981,true,825-246-3452,$35966.34
Nerita Raatz,10/13/1986,false,398-549-2572,$36220.97
Saunderson Litchfield,5/5/1990,false,853-787-6143,$103876.38
Mary Showl,3/5/2005,true,478-479-8733,$112770.23
Birch Martinyuk,7/20/1994,false,638-725-3788,$25508.00
Ferdie Wasielewski,7/15/2004,false,342-334-9205,$55166.23
Brendis Mawby,7/29/2003,false,960-136-7797,$108804.51
Micah Trumpeter,9/4/2003,false,195-120-0711,$7569.84
Nikkie McClounan,3/19/1982,false,324-540-9934,$63255.10
Sargent McKimm,12/24/1993,false,604-672-7061,$7423.24
Tove Rude,2/14/2003,false,741-707-1255,$50209.67
Eldredge Powell,12/22/1998,true,635-996-7747,$3584.50
Steffane Wonham,2/16/1980,true,719-190-5169,$70407.07
Karlik Lindblom,1/23/1993,true,576-230-1856,$90312.82
Lucille Garrow,3/16/1998,true,608-746-3192,$105498.35
Penrod Hayers,2/7/2001,false,411-450-4048,$45553.91
Marys Brouard,7/28/1983,false,991-420-7033,$72493.51
Lew Cristofor,3/1/1996,false,542-388-6523,$1168.98
Mace Gipson,10/16/1995,false,290-970-4820,$117591.62
Emmy De Gowe,1/28/1990,false,161-313-4758,$90884.41
Jessy O'Callaghan,3/28/1993,false,392-629-7674,$21357.43
Marcelle Jenny,2/26/1997,true,698-532-6092,$109361.71
Roosevelt Kenwrick,6/15/1983,true,763-295-3382,$57306.14
Feliza Watkin,3/18/1991,false,130-506-8413,$12133.80
Winn Malthouse,7/26/2004,true,793-954-2204,$9943.51
Gale Scarth,10/20/1987,false,853-479-0313,$29514.34
Marieann Jouen,5/7/1989,true,394-513-5937,$60920.63
Coralie Fausch,10/7/1984,false,926-800-2239,$95375.59
Noellyn Megahey,7/19/1998,false,570-486-9982,$29991.13
Alfreda Nethercott,10/10/2002,true,630-622-0012,$22050.29
Barr Overthrow,1/31/1987,true,853-881-6211,$107844.51
Harv Gini,1/3/1999,false,213-798-2444,$12427.83
Ilaire Stiegars,2/4/2001,true,632-222-9085,$14059.69
Tiler Fulun,5/13/1989,true,502-626-4436,$10015.80
Sissie Jocelyn,1/12/2005,false,906-551-3737,$117076.92
Franz Tire,3/30/1999,false,999-933-5078,$81400.29
Allyn Loft,11/17/1985,false,584-394-6958,$69861.78
Elsa Lachaize,5/17/1997,false,612-564-7641,$36646.42
Alexia Reglar,3/3/1999,true,692-428-7979,$115892.26
Karlotta Guymer,8/9/2002,false,962-659-4205,$31157.85
Meredith Radsdale,10/8/2002,false,870-976-0571,$105055.77
Curt Tweddle,8/24/1985,true,510-232-1702,$55702.67
Edwin Tarbard,7/1/2000,false,882-516-4670,$79291.86
Stanford Pywell,6/30/2002,false,661-789-2762,$78159.77
Janis Fernley,5/20/2002,false,310-320-5170,$1626.58
Nikki Bewfield,6/10/1981,false,337-745-1533,$41882.62
Sawyere Houlison,5/8/2000,true,644-757-6215,$74943.37
Vitia Aloshkin,11/19/1986,true,898-805-8838,$76360.28
Maggy Ribbon,10/15/1998,true,455-725-4489,$97937.75
Carolyne Dionisii,6/6/1981,true,691-987-2124,$4679.32
Lorie Barthrup,8/1/2003,true,626-665-9968,$95688.87
Joseph Tuminini,11/19/2005,false,193-721-1101,$92925.63
Erminie Labrum,12/7/1998,false,828-367-0273,$78854.09
Sebastien Cejka,2/21/1999,false,371-817-6598,$10366.69
Brinna Reuben,9/5/1992,false,127-908-7114,$40860.71
Kellsie Serjeant,12/29/1997,true,394-828-3564,$6947.66
Franni Loxley,3/15/1999,false,200-474-1059,$85638.17
Garold Blackmuir,1/22/1997,false,995-252-8351,$104001.89
Corey Wewell,11/9/1984,false,320-133-6057,$8045.63
Addison Hanwell,4/13/1990,true,425-760-5823,$76848.53
Tab Peetermann,6/11/1988,false,116-389-2749,$54374.63
Lucia Print,5/26/2005,true,435-569-0844,$74611.95
Moll Robeiro,1/8/2004,false,988-334-7940,$89318.77
Carolyn Blythe,11/9/2005,false,314-274-7300,$117471.97
Jamie Ducarne,2/21/1981,true,651-676-4181,$36259.09
Millie Reeders,7/22/2002,true,620-277-6981,$38859.69
Cinnamon Gorst,9/29/1997,true,823-186-0057,$77161.17
Janeen Nattriss,2/6/1984,false,454-429-6946,$65964.11
Matilde Catterell,7/16/1981,false,810-669-4615,$42004.54
Delmor Eskell,3/16/2000,false,738-318-5586,$56421.78
Faye Beeden,11/30/1988,false,291-342-3715,$99492.00
Katleen Neville,8/1/1993,false,562-275-3520,$73228.74
Meggy Ellett,9/1/2005,false,143-396-4070,$72647.48
Richmound Bellson,9/17/1982,false,161-203-1494,$80232.94
Nixie Shetliff,3/30/2005,true,938-250-8988,$50564.42
Yasmeen Radnage,12/15/1990,true,601-107-7705,$12758.43
Tilda Yele,2/20/1999,true,915-475-0679,$113151.60
Danice Spry,8/13/1986,true,493-700-9875,$93933.30
Manny Slemmonds,10/4/1999,true,602-459-4264,$108674.60
Annalee Rattenberie,4/14/1993,true,659-217-9709,$96060.60
Justino Romme,12/21/1993,false,888-526-6179,$71106.45
Cori Savage,12/12/1990,false,279-404-4790,$110305.03
Saundra Derbyshire,5/14/1996,false,624-649-8596,$27081.00
Hilliard Cosyns,9/19/1999,true,374-269-3578,$61414.22
Mara Wrankling,6/3/1989,false,860-132-2193,$69.98
Peggy Faunch,11/25/1988,true,550-140-9384,$110324.65
Jory Gullen,5/17/1986,false,532-671-5079,$25115.02
Yul Latter,7/11/1985,false,901-301-4016,$117477.59
Berkie Leaman,8/26/2001,false,761-762-4038,$25098.62
Philbert Jayne,12/31/1995,false,247-275-8160,$98265.04
Munmro Jearum,5/17/1982,false,522-399-3755,$90231.01
Mercy Battey,2/7/1994,false,792-938-9173,$40112.29
Bambie Poynor,7/12/1995,false,959-244-6159,$62437.02
Ximenes Broschke,8/8/1985,false,184-704-4183,$57536.52
Otha Zellmer,12/11/1993,false,813-164-5575,$115618.31
Beatrix Lowrey,12/14/1989,false,610-204-2934,$1591.97
Michael Winchcum,8/30/2004,false,282-341-1880,$71090.57
Agatha Langfat,11/7/2003,true,201-155-4801,$103113.79
Hedwiga Casterou,10/30/1991,false,886-486-5939,$111818.28
Darla Gumbrell,7/2/1982,true,774-200-8257,$54939.37
Brooks Lapslie,7/24/1986,true,538-550-4755,$32323.78
Erhard Durrand,6/29/1990,true,624-741-8076,$111280.94
Michaela Rikard,3/10/1989,false,416-260-8301,$54324.77
Dottie Kelsey,4/18/1991,true,369-992-5322,$38289.38
Corissa Vaux,1/29/2001,true,431-568-8287,$77800.80
Felicia Pitney,7/1/1998,true,359-302-0351,$86142.78
Ives Boaler,4/20/2002,false,871-663-5968,$101955.48
Damara Rollingson,3/18/1998,false,331-423-9858,$79674.32
Emmey Bernlin,6/11/1992,true,186-185-0454,$74353.71
Meggy Gillyett,2/28/2004,false,217-731-5266,$65129.45
Jacquelyn Plait,9/2/1994,false,464-583-6470,$103600.15
Gypsy Walkey,2/11/2003,true,967-512-8528,$30602.63
Emilee Souley,7/30/1996,false,599-855-1195,$43456.88
Bibbie Etridge,2/7/1980,true,614-543-8879,$13315.28
Wendi Verriour,10/1/1995,true,148-893-5716,$45468.29
Guillemette Lecointe,2/23/1999,false,504-328-9640,$64083.00
Rose Weerdenburg,5/18/1985,true,917-572-3450,$18883.82
Rodney MacPaden,9/23/2005,true,837-305-2318,$57758.34
Loni Alabastar,2/9/2003,true,853-148-6908,$17316.27
Rozalie Sams,5/7/1987,true,664-866-5305,$71416.29
Elysha Schermick,6/22/1998,true,315-815-9646,$54977.66
Teri Ragsdale,1/26/1983,false,419-382-0412,$49249.06
Archaimbaud Lett,10/12/1985,false,571-446-8443,$70000.75
Karney Heak,6/12/1997,false,955-860-5249,$48499.31
Bay Daid,3/2/1995,false,692-173-4809,$41908.92
Ignazio Penrith,7/30/1981,true,643-301-5285,$71668.08
Pattin Lorentzen,2/24/1991,false,252-535-2342,$111591.49
Gilles Wythill,11/14/1982,false,576-864-4056,$65406.44
Margot Bantick,1/3/2001,true,959-929-2779,$84327.72
Jessey Fidgeon,5/14/2005,true,337-284-0102,$95209.22
Buiron Petrasso,7/27/1982,false,895-900-7390,$103502.40
Nike Longrigg,10/31/1986,false,493-596-3573,$104489.30
Raina Bulcock,7/18/2000,true,142-123-5288,$63527.47
Rae Yexley,4/18/1982,true,408-374-6302,$73161.75
Aveline Brettor,7/15/1995,false,967-714-2843,$88790.86
Elise Leversuch,12/5/1983,true,138-666-1508,$119366.76
Virginie Boddington,11/23/1997,false,799-681-6652,$87736.93
Marris Bolstridge,11/9/1993,false,906-526-1962,$94577.20
Ashien Ambroix,10/20/1981,false,551-124-3498,$114793.69
Faustina Elvin,1/31/2003,false,247-415-4900,$51268.48
Blancha Povlsen,6/15/2003,false,830-495-3666,$3303.86
Lilias Aujouanet,5/27/1997,false,811-563-7396,$23181.55
Saleem Warlawe,3/4/1985,true,821-284-6636,$22337.02
Harrison Tolson,1/8/1999,true,694-413-9203,$58160.51
Mariana Iiannoni,6/14/1981,true,331-510-5329,$38237.64
Dora Kohlert,9/12/1994,false,955-354-2556,$12670.25
Pattie Pfeiffer,8/12/1983,false,830-287-3473,$11731.41
Edyth Nolleau,4/1/1980,true,240-284-8591,$12726.41
Mohandas Dowzell,1/23/1999,false,481-949-9041,$32085.74
Brody Lapslie,9/22/2002,false,270-106-5926,$41116.19
Gaye Soro,6/12/1986,false,651-764-7497,$8311.05
Renata Gilffillan,7/26/1988,true,324-203-5581,$92493.01
Cecil Dun,1/28/1992,true,824-555-7421,$50430.15
Jeffy Futcher,10/10/1980,false,432-657-8985,$75995.62
Johna Sertin,6/29/1980,true,339-955-0219,$58589.68
Alexander McGilvary,12/17/2003,false,133-744-1725,$12991.53
Anna Pretsel,2/22/1988,true,197-631-2499,$111059.78
Jourdain Castagnone,8/9/1980,false,780-568-7335,$59841.22
Quincy Bum,8/9/1994,false,553-699-7442,$41354.97
Orsola Banane,7/28/2002,true,922-372-9312,$33305.72
Korney Ellwood,6/30/2001,false,199-996-4877,$51288.23
Adamo Carlesi,12/1/1996,true,205-876-7998,$1291.11
Rubia Stace,11/25/2002,true,179-430-8090,$76185.17
Latia Orneles,3/3/1990,false,527-684-2669,$63496.38
Wilfrid Bole,10/29/1988,false,910-506-2735,$30125.02
Jolee Rockcliffe,6/27/1983,true,263-641-3966,$17268.52
Kiri Symson,11/17/1998,true,141-114-4647,$104749.68
Murielle Vasey,12/28/1980,false,625-438-5166,$27832.68
Persis Marrow,8/28/1985,true,622-695-2635,$25748.08
Christel Montel,9/8/1992,true,992-463-2212,$33215.43
Vincenty Hunnicot,2/27/1982,false,369-598-1472,$6627.07
Roxine Livett,9/7/1989,true,179-423-5978,$108864.72
Tasia Lenden,5/15/1995,true,174-120-4768,$34312.13
Gregg Fullard,11/26/2002,false,704-356-1089,$27673.57
Florian Redgrave,1/6/1994,false,264-912-1935,$11910.03
Adella Lejeune,3/27/1991,true,304-537-3535,$75290.21
Pete Morrad,12/17/2004,true,305-615-4397,$49579.09
Jillian Turfin,1/9/1989,false,650-417-4833,$37850.66
Olympie Goman,11/30/1993,false,642-915-6932,$77749.46
Fleur Durrett,6/10/1987,false,780-272-5010,$3525.59
Leighton Biddle,2/29/1980,false,425-221-7750,$38924.48
Sherill Murra,2/10/1998,true,687-286-3021,$52845.25
Dot Mulbery,11/27/1994,true,394-999-9104,$75182.46
Rene Berfoot,6/14/1988,false,464-402-2242,$50476.08
Jamie Merrin,5/8/1998,false,614-918-5189,$111986.41
Emelina Momery,10/7/1999,true,705-627-7577,$36614.89
Obidiah Pikett,11/14/1999,false,534-991-1000,$66492.97
Joshuah Galland,11/18/2003,false,257-192-5478,$15098.43
Aurore Gorst,7/14/1980,false,878-723-8747,$81664.95
Nickey Cecchetelli,6/2/1989,false,511-207-7060,$69057.81
Emilie Hopkynson,12/26/1983,false,285-112-9200,$67611.09
Virgilio Drissell,10/24/1991,false,480-770-6976,$41978.17
Meade Lubman,10/8/1994,true,324-732-1946,$90013.77
Pinchas Hulk,3/19/1990,true,494-608-0573,$25536.73
Rafael List,9/27/2005,true,872-236-3056,$9334.61
Inglebert Vogeler,10/20/1982,true,636-425-5838,$68613.53
Fairleigh De Giorgis,6/22/1993,true,406-278-7229,$18662.85
Jeddy Sorby,4/23/1992,false,775-980-1780,$119693.79
Dniren Ostridge,6/15/2003,true,712-376-0420,$9057.98
Nestor Ramalhete,11/25/1998,true,800-436-5618,$16729.98
Robert Ellam,7/15/2005,true,405-956-7455,$53224.36
Willette Cohrs,5/8/1987,false,663-391-1912,$66021.74
Rab Windress,6/28/1995,true,393-690-6569,$9201.84
Tallulah McGrayle,3/17/1982,true,965-681-2476,$41384.95
